,title,score,id,url,comms_num,created,body
0,"Now that PBS has announced they'll be televising the impeachment hearings, what will the drinking game rules be?",124364,dtmyxw,https://www.reddit.com/r/AskReddit/comments/dtmyxw/now_that_pbs_has_announced_theyll_be_televising/,8454,1573280842.0,
1,"In a video game, if you come across an empty room with a health pack, extra ammo, and a save point, you know some serious shit is about to go down. What is the real-life equivalent of this?",87102,9hef7a,https://www.reddit.com/r/AskReddit/comments/9hef7a/in_a_video_game_if_you_come_across_an_empty_room/,18530,1537471048.0,
2,What old video games do you still play regularly?,85911,ifomdz,https://www.reddit.com/r/AskReddit/comments/ifomdz/what_old_video_games_do_you_still_play_regularly/,58785,1598303261.0,
3,You get a billion dollars if you can start a massive argument at your family's Thanksgiving dinner. What's your game plan?,84474,dwdn5e,https://www.reddit.com/r/AskReddit/comments/dwdn5e/you_get_a_billion_dollars_if_you_can_start_a/,25158,1573785022.0,
4,"you are teleported into a game of your choice for a month, if you die in the game you die in real life BUT Whatever you collect in the game you can keep in real life. (skils, magic, items, pets, clothes) what game do you pick?",78239,g5cuo2,https://www.reddit.com/r/AskReddit/comments/g5cuo2/you_are_teleported_into_a_game_of_your_choice_for/,28916,1587494103.0,
5,What is the best video game for couples to play?,75748,cw4za2,https://www.reddit.com/r/AskReddit/comments/cw4za2/what_is_the_best_video_game_for_couples_to_play/,20040,1566943780.0,
6,What video games show that graphics truly aren't everything?,75219,ioe4qz,https://www.reddit.com/r/AskReddit/comments/ioe4qz/what_video_games_show_that_graphics_truly_arent/,29522,1599535495.0,
7,What is a good starter video game for a middle aged man who has never really played before?,74923,fobqmw,https://www.reddit.com/r/AskReddit/comments/fobqmw/what_is_a_good_starter_video_game_for_a_middle/,13927,1585108105.0,
8,What is your favourite “dead” video game franchise?,73349,jtg9bf,https://www.reddit.com/r/AskReddit/comments/jtg9bf/what_is_your_favourite_dead_video_game_franchise/,63941,1605300026.0,
9,People who read the terms and conditions of any website or game. What's something you think other people should know about them?,68055,avq7hy,https://www.reddit.com/r/AskReddit/comments/avq7hy/people_who_read_the_terms_and_conditions_of_any/,6299,1551383189.0,
